index,state,item,file,result,type,fp_result,fp_gpt,fp_message,ds_result,llama_result,qwen_result,no_static_result,repair_result,fp_no_static
235,,check before updating state variable with same value,contracts/IdentityStaking.sol,true,3.6,fn,fp,fp,false,true,false,false,false
236,,check before updating state variable with same value,contracts/IdentityStaking.sol,true,3.6,fn,fn,fn,false,true,partially true,false,false
237,,Creating memory variable or emitting should be outside of loop,contracts/IdentityStaking.sol,false,3.8,fn,fn,fn,false,true,false,true,false
238,state variable,a = a + b is more gas effective than a += b for state variables,contracts/IdentityStaking.sol,true,2.8,fp,fp,fp,true,true,true,false,false
239,expression reduction,Using unchecked blocks to save gas[Use assembly to check for address(0)],contracts/IdentityStaking.sol,true,2.2,fn,fn,fp,true,false,false,false,false
240,expression reduction,Using unchecked blocks to save gas[Use assembly to check for address(0)],contracts/IdentityStaking.sol,true,2.2,fn,fn,fp,true,false,false,true,pt
241,expression reduction,Using unchecked blocks to save gas[Use assembly to check for address(0)],contracts/IdentityStaking.sol,true,2.2,fn,fn,fp,true,false,false,true,pt
242,loop variable,Cache array length outside of loop,contracts/IdentityStaking.sol,true,2.9,fn,fn,fn,true,true,true,true,true
243,state variable,State variables should be cached in stack variables rather than re-reading them from storage,contracts/IdentityStaking.sol,true,3.2,fp,fn,fp,true,true,true,true,pt
244,expression reduction,Functions guaranteed to revert when called by normal users can be marked payable,contracts/IdentityStaking.sol,true,1.1,fn,fn,fn,true,false,true,true,true
245,efficient calculation,++i costs less gas compared to i++ or i += 1 (same for --i vs i-- or i -= 1),contracts/IdentityStaking.sol,true,2.3,fn,fn,fn,true,true,true,true,true
246,efficient calculation,++i costs less gas compared to i++ or i += 1 (same for --i vs i-- or i -= 1),contracts/IdentityStaking.sol,true,2.3,fn,fn,fn,true,true,true,true,true
247,expression reduction,Using private rather than public for constants saves gas,contracts/IdentityStaking.sol,true,2.5,fn,fn,fn,true,true,true,false,false
248,expression reduction,Use != 0 instead of > 0 for unsigned integer comparison,contracts/IdentityStaking.sol,partially true,2.8,fn,fn,fn,true,true,true,true,true